"emp_id","emp_name","gender","age","proj_id"
1,"emp1","M",21,2
2,"emp2","M",23,2
3,"emp3","F",24,1
4,"emp4","F",23,1
5,"emp5","M",22,1
6,"emp6","F",30,6
7,"emp7","F",26,5
8,"emp8","F",24,5
9,"emp9","M",29,8
10,"emp10","M",40,3
11,"emp11","F",32,10
12,"emp12","F",22,10
13,"emp13","F",30,9
14,"emp14","M",26,20
15,"emp15","M",24,12
16,"emp16","M",27,12
17,"emp17","M",35,12
18,"emp18","M",23,6
19,"emp19","M",28,6
20,"emp20","F",29,7
21,"emp21","F",28,7
22,"emp22","F",23,10
23,"emp23","F",21,15
24,"emp24","F",27,16
25,"emp25","M",25,16
26,"emp26","M",38,19
27,"emp27","F",34,11
28,"emp28","M",26,11
29,"emp29","F",36,5
30,"emp30","M",42,5
31,"emp31","M",28,2
32,"emp32","F",26,3
33,"emp33","M",29,3
34,"emp34","M",23,8
35,"emp35","F",28,8
36,"emp36","M",28,8
37,"emp37","F",33,8
38,"emp38","F",25,10
39,"emp39","M",25,10
40,"emp40","M",31,10
41,"emp41","F",28,18
42,"emp42","F",27,16
43,"emp43","M",28,16
44,"emp44","F",26,18
45,"emp45","F",24,18
46,"emp46","F",23,16
47,"emp47","M",34,16
48,"emp48","M",40,1
49,"emp49","M",20,1
50,"emp50","F",29,6
51,"emp51","F",34,5
52,"emp52","M",33,5
53,"emp53","F",30,4
54,"emp54","F",23,5
55,"emp55","M",28,20
56,"emp56","M",23,19
57,"emp57","F",26,20
58,"emp58","F",33,13
59,"emp59","M",43,13
60,"emp60","F",25,13
61,"emp61","M",29,13
62,"emp62","F",23,15
63,"emp63","M",24,15
64,"emp64","M",32,15
65,"emp65","F",25,18
66,"emp66","F",26,20
67,"emp67","F",27,6
68,"emp68","M",28,2
69,"emp69","F",25,2
70,"emp70","F",27,3
71,"emp71","F",28,4
72,"emp72","M",43,5
73,"emp73","M",33,5
74,"emp74","F",29,8
75,"emp75","M",23,2
76,"emp76","M",25,7
77,"emp77","F",25,6
78,"emp78","F",26,8
79,"emp79","F",20,4
80,"emp80","M",23,4
81,"emp81","M",36,6
82,"emp82","F",23,5
83,"emp83","F",27,2
84,"emp84","M",29,3
85,"emp85","F",24,1
86,"emp86","M",26,20
87,"emp87","M",40,8
88,"emp88","F",28,6
89,"emp89","F",27,20
90,"emp90","M",26,12
91,"emp91","F",34,5
92,"emp92","F",30,5
93,"emp93","M",31,6
94,"emp94","F",34,5
95,"emp95","F",25,7
96,"emp96","M",31,8
97,"emp97","F",27,10
98,"emp98","F",26,10
99,"emp99","M",35,11
100,"emp100","F",24,12
101,"emp101","M",26,13
102,"emp102","F",26,14
103,"emp103","M",34,16
104,"emp104","F",24,17
105,"emp105","M",28,18
106,"emp106","F",28,19
107,"emp107","M",24,20
108,"emp108","M",34,17
109,"emp109","M",32,16
110,"emp110","F",26,5
111,"emp111","M",46,5
112,"emp112","F",30,6
113,"emp113","M",25,12
114,"emp113","M",23,18
115,"emp114","F",26,15
116,"emp115","M",30,20
117,"emp116","F",24,6
118,"emp117","M",26,3
119,"emp118","F",30,4
120,"emp119","F",29,9
121,"emp120","M",30,9
122,"emp121","F",30,4
123,"emp122","M",28,1
124,"emp123","F",30,3
125,"emp125","F",24,3
126,"emp126","M",30,4
127,"emp127","M",35,5
128,"emp128","M",36,5
129,"emp129","F",31,8
130,"emp130","F",29,8
131,"emp131","M",45,15
132,"emp132","M",27,15
133,"emp133","F",23,18
134,"emp134","M",24,18
135,"emp135","F",28,20
136,"emp136","M",24,14
137,"emp137","F",24,16
138,"emp138","M",29,14
139,"emp139","F",30,14
140,"emp140","F",34,15
141,"emp141","F",26,8
142,"emp142","F",32,8
143,"emp143","F",29,10
144,"emp144","M",30,10
145,"emp145","M",40,11
146,"emp146","M",42,11
147,"emp147","M",28,17
148,"emp148","F",31,17
149,"emp149","F",26,13
150,"emp150","M",34,13
151,"emp151","M",36,10
152,"emp152","F",21,5
153,"emp153","M",28,5
154,"emp154","F",27,5
155,"emp155","M",26,8
156,"emp156","F",24,9
157,"emp157","M",35,8
158,"emp158","F",36,7
159,"emp159","M",26,7
160,"emp160","F",24,7
161,"emp161","M",23,5
162,"emp162","F",30,6
163,"emp163","M",28,4
164,"emp164","F",31,1
165,"emp165","M",29,1
166,"emp166","F",30,2
167,"emp167","F",36,2
168,"emp168","F",24,3
169,"emp169","M",26,3
170,"emp170","M",30,3
171,"emp171","M",36,5
172,"emp172","F",31,8
173,"emp173","F",28,10
174,"emp174","M",40,18
175,"emp175","M",21,11
176,"emp176","F",28,11
177,"emp177","F",29,10
178,"emp178","M",30,12
179,"emp179","F",35,13
180,"emp180","M",34,12
181,"emp181","M",36,19
182,"emp182","F",38,20
183,"emp183","F",40,20
184,"emp184","M",28,19
185,"emp185","M",24,3
186,"emp186","M",26,5
187,"emp187","M",29,5
188,"emp188","M",34,8
189,"emp189","F",24,8
190,"emp190","M",34,9
191,"emp191","M",36,8
192,"emp192","F",28,4
193,"emp193","M",29,4
194,"emp194","F",34,4
195,"emp195","F",26,8
196,"emp196","F",27,9
197,"emp197","F",28,10
198,"emp198","M",34,10
199,"emp199","F",32,15
200,"emp200","M",42,20
